timestamp_sec,timestamp_nsec,orientation_x,orientation_y,orientation_z,orientation_w,angular_velocity_x,angular_velocity_y,angular_velocity_z,linear_acceleration_x,linear_acceleration_y,linear_acceleration_z
1729465401,583926626,-0.05216353630853544,0.0060788131116632504,0.978942052263706,0.1972675133433403,-0.0022222222222222222,-0.027777777777777776,0.09,-0.020000000000000018,0.75,8.5
1729465401,605350678,-0.05153261770603494,0.006420607952089536,0.9792875417884891,0.1957014961714581,0.06333333333333334,0.02666666666666667,0.10777777777777778,0.32000000000000006,0.18999999999999995,10.08
1729465401,640414077,-0.05357407612582169,0.007294798849237584,0.9794910695300088,0.1940975244251541,0.015555555555555555,0.1,0.09888888888888889,0.15999999999999992,1.06,8.24
1729465401,673015743,-0.054978975335992795,0.00859135909130514,0.9797116326477254,0.19253212115046384,0.056666666666666664,0.09666666666666666,0.08888888888888889,-0.2500000000000001,0.21999999999999997,8.66
1729465401,701046500,-0.05595273101541426,0.009274920091806055,0.9798565026660998,0.19147976898922467,0.05,0.08888888888888889,0.08888888888888889,0.17999999999999994,0.5700000000000001,9.06
1729465401,739750562,-0.05778918117541714,0.011233078901693212,0.9799246592582863,0.19047805819829924,0.11666666666666667,0.19555555555555557,0.057777777777777775,-0.44999999999999996,-0.24,10.180000000000001
1729465401,772593197,-0.06358660817093129,0.015650243574155356,0.9795831760022258,0.19007528621779984,0.21888888888888888,0.4255555555555556,0.03,-0.77,-0.30000000000000004,8.37
1729465401,799073011,-0.06885168988965079,0.019954506189316462,0.9792200354018459,0.189708683906899,0.23555555555555555,0.44222222222222224,0.05,-0.45999999999999985,-0.029999999999999916,8.28
1729465401,845988227,-0.07478175771269016,0.023736371867961965,0.9789801444573295,0.18826085658535754,0.17888888888888888,0.4166666666666667,0.08888888888888889,0.6300000000000001,2.9800000000000004,12.63
1729465401,869037435,-0.07816685142324943,0.026414147347138463,0.9790272672016719,0.18627357900176142,0.042222222222222223,0.1288888888888889,0.15666666666666668,-1.77,3.03,12.31
1729465401,912828586,-0.0750594353136304,0.025524064000806805,0.9799958026881768,0.18254541911764827,-0.008888888888888889,-0.16,0.14222222222222222,-0.7000000000000001,0.19000000000000006,8.17
1729465401,939431412,-0.07358173284581392,0.02461340317164323,0.9803362344073391,0.1814408346645158,-0.05555555555555555,-0.17444444444444446,0.07444444444444444,-0.64,0.8200000000000001,8.22
1729465401,967384662,-0.07101899143095684,0.02354946563079339,0.9806558074609815,0.18087540689016945,-0.07222222222222222,-0.2011111111111111,0.06777777777777778,-3.05,2.6399999999999997,7.5600000000000005
1729465401,997771036,-0.07054258649056418,0.02033313816681262,0.9816719338202213,0.1758707517843077,-0.24222222222222223,0.04555555555555556,0.30666666666666664,-1.93,1.3599999999999999,8.59
1729465402,34170427,-0.07162469355995464,0.017478072341189355,0.9823474603905339,0.17192407430010215,-0.2511111111111111,0.023333333333333334,0.22333333333333333,0.010000000000000009,1.83,4.35
1729465402,66983237,-0.07158139073075068,0.014588475462082348,0.9827107380604079,0.17012608907957733,-0.19111111111111112,-0.03777777777777778,0.04,-1.46,1.15,8.26
1729465402,113670893,-0.07216566776623645,0.00491163513178612,0.9825110924652116,0.17158072566288332,-0.43666666666666665,-0.07444444444444444,-0.06555555555555556,-5.59,0.16000000000000003,14.92
1729465402,131068091,-0.07228560088064154,0.0009873037794876196,0.9827463975222512,0.17024492736527871,-0.35888888888888887,-0.10111111111111111,0.09111111111111111,-2.25,-0.41,19.17
1729465402,172527402,-0.06416858751496474,-0.0032989860033158214,0.9835778173964438,0.16865997211351605,-0.06,-0.5733333333333334,0.042222222222222223,-1.52,-0.21999999999999997,5.44
1729465402,196450950,-0.058896774848422095,-0.004765011065608521,0.9838844919588721,0.16875950659098024,-0.08222222222222222,-0.5611111111111111,0.03222222222222222,-3.0,1.26,8.8
1729465402,233611139,-0.04966294877861604,-0.005970612138345768,0.9848930772507009,0.16578169287635788,0.19333333333333333,-0.47444444444444445,0.2677777777777778,-0.75,-4.35,10.7
1729465402,274015399,-0.04042423677718262,-0.003777416529063737,0.9857183080914267,0.163435092005124,0.2088888888888889,-0.6544444444444445,0.2111111111111111,-1.1199999999999999,1.3900000000000001,9.32
1729465402,296268286,-0.030915022966894613,-0.003266937920328109,0.9866460924449749,0.15988457316027468,0.1388888888888889,-0.5933333333333334,0.2911111111111111,0.15999999999999992,1.7999999999999998,8.79
1729465402,338489837,-0.024431000930716356,-0.0044631279939282,0.9877521063910946,0.15404214683647066,-0.1622222222222222,-0.16111111111111112,0.3888888888888889,0.0,1.69,9.85
1729465402,364715943,-0.024495880633848284,-0.009044535080957901,0.9888813359472929,0.1463962145420402,-0.32555555555555554,-0.03,0.5,2.81,0.44,5.839999999999999
1729465402,394522134,-0.022062007812069347,-0.01556694224456332,0.9895755276643455,0.14146099521877625,-0.4088888888888889,-0.28555555555555556,0.2911111111111111,0.5800000000000001,0.22,8.309999999999999
1729465402,448416998,-0.020523737735980787,-0.025253190569277256,0.9902573196724733,0.13539384546760433,-0.33111111111111113,0.02666666666666667,0.20777777777777778,-0.13,-0.99,11.15
1729465402,463732574,-0.0217228563695999,-0.026208350936994508,0.9903616567742851,0.1342573224952821,-0.23,0.23555555555555555,0.1988888888888889,0.8199999999999998,-1.1300000000000001,8.18
1729465402,492691370,-0.025775919847684837,-0.028476676022981443,0.9906609466781915,0.1308264866353807,-0.21333333333333335,0.2011111111111111,0.24,0.54,-0.42000000000000004,7.43
1729465402,535575060,-0.027330455178448648,-0.029535453844518514,0.991501740213662,0.12371338787381557,0.14555555555555555,0.07777777777777778,0.42,-0.92,-0.81,8.16
1729465402,562972351,-0.02988545199115567,-0.024979001918988532,0.9922757803065966,0.11777811782903701,0.32555555555555554,0.33555555555555555,0.49333333333333335,-0.24,2.79,6.859999999999999
1729465402,594683484,-0.037530606790061365,-0.01729249669354886,0.9933478233523708,0.10748267280441294,0.47888888888888886,0.7488888888888889,0.7788888888888889,2.34,-2.7800000000000002,10.75
1729465402,636127659,-0.0490920004792939,-0.008771122981401182,0.99384992719187,0.09887044609639777,0.5166666666666667,0.8577777777777778,0.5411111111111111,-0.81,0.89,8.59
1729465402,667353364,-0.06429528985692765,0.003139789462548518,0.9938051991657834,0.09059516286978088,0.3811111111111111,0.8344444444444444,0.49333333333333335,-0.39,-0.7,10.729999999999999
1729465402,702575169,-0.07124641220768592,0.0046329743182037565,0.9942500384948467,0.07980817783595312,0.0033333333333333335,0.07888888888888888,0.6,0.74,0.14,10.549999999999999
1729465402,730660393,-0.06902484267603477,0.00509157828092422,0.9948989024398103,0.07338815196078159,0.013333333333333334,-0.2677777777777778,0.7566666666666667,0.010000000000000009,4.21,6.119999999999999
1729465402,764420218,-0.06620855407600212,0.0067029439934743204,0.9959771897638262,0.06000779431987489,0.13333333333333333,0.07777777777777778,0.59,0.42999999999999994,-0.41000000000000003,9.7
1729465402,796825204,-0.06836211433413626,0.007509326605865095,0.9961641433208023,0.0541038898751759,-0.09555555555555556,0.18555555555555556,0.35333333333333333,-2.0700000000000003,0.84,9.29
1729465402,827662061,-0.06946243752807166,0.00773230811122596,0.9963647357695479,0.04870825904105807,0.057777777777777775,0.05333333333333334,0.38666666666666666,-0.6900000000000001,0.53,7.75
1729465402,868987191,-0.06886886515989628,0.009860211364676437,0.9967446597023389,0.04074234895413421,0.07333333333333333,0.006666666666666667,0.48444444444444446,-1.3900000000000001,2.19,10.5
1729465402,906426496,-0.06783102872377049,0.009879814879950566,0.9970783603672566,0.03370584648923864,-0.09333333333333334,-0.05555555555555555,0.5044444444444445,-2.5700000000000003,2.21,8.959999999999999
1729465402,932221353,-0.06524357414094277,0.007518763813624494,0.9975573506155246,0.0237923613154601,-0.19777777777777777,-0.21666666666666667,0.7744444444444445,-1.1,0.6000000000000001,11.34
1729465403,34703279,-0.05504156584864251,0.006140557837022625,0.9984605137176508,0.0030532155286418653,-0.12555555555555556,-0.05333333333333334,0.11,-1.67,0.030000000000000027,10.21
1729465403,77583097,-0.05451317565337838,0.002208148312207605,0.9985103892711281,0.000663535104934697,-0.17444444444444446,-0.025555555555555557,0.06333333333333334,-0.67,0.48,8.58
1729465403,138001879,-0.05178752304268376,-0.0017470364060050657,0.9986540326936508,-0.00226347202503541,-0.1511111111111111,-0.09333333333333334,0.10777777777777778,-1.31,0.96,8.88
1729465403,158202617,-0.05069092680077102,-0.0029171201745052545,0.9987023120268617,-0.003951240585837738,-0.15555555555555556,-0.043333333333333335,0.11888888888888889,-1.94,0.8999999999999999,9.48
1729465403,186658032,-0.05068190388985111,-0.004578881747218636,0.9986938531411865,-0.004578881747218531,-0.15888888888888889,0.014444444444444444,0.10555555555555556,-1.32,-0.020000000000000018,10.61
1729465403,224183901,-0.05119408813684261,-0.007960940784180857,0.9986329652425194,-0.006927444882577066,-0.13777777777777778,0.0022222222222222222,0.04666666666666667,-0.27,0.39,10.040000000000001
1729465403,240886478,-0.05063631959701268,-0.008557512597493913,0.9986481278420264,-0.008040452314920588,-0.06444444444444444,-0.03666666666666667,0.06222222222222222,0.20999999999999996,-0.06,8.9
1729465403,308085252,-0.05007228600482565,-0.009697585402931306,0.998656320613115,-0.009180213019261158,-0.05333333333333334,-0.051111111111111114,0.10333333333333333,0.3800000000000001,-0.22999999999999998,7.4
1729465403,346634651,-0.049500973708598475,-0.009828113549726639,0.9986548348506108,-0.011898849333169748,0.03888888888888889,0.07555555555555556,0.08555555555555555,0.8200000000000001,0.56,8.58
1729465403,377501109,-0.050586636586116035,-0.009350617586139968,0.9985916765359119,-0.012970030950572748,0.051111111111111114,0.15222222222222223,0.10888888888888888,-1.42,3.38,13.47
1729465403,392515009,-0.057092339371692766,-0.010098547087471606,0.9982016248878384,-0.01523155287777835,-0.1,0.4288888888888889,0.12,-0.3900000000000001,-1.2400000000000002,11.950000000000001
1729465403,424528074,-0.05871144143650677,-0.01069812439187829,0.9980922755426532,-0.015821702848683745,-0.07888888888888888,0.35333333333333333,0.07666666666666666,-1.63,0.47,8.290000000000001
1729465403,452774680,-0.06195976217016626,-0.010847457067467297,0.997866547696384,-0.01748352182730737,-0.0033333333333333335,0.09777777777777778,0.10888888888888888,-0.73,0.24,8.270000000000001
1729465403,513076786,-0.06359541999234497,-0.009889727667022433,0.9977447036614733,-0.019061011467082563,0.11222222222222222,0.07888888888888888,0.09555555555555556,-1.2,2.18,8.370000000000001
1729465403,526152141,-0.0625020284301374,-0.00942820013769414,0.9977866141132345,-0.02065134815766494,-0.07777777777777778,-0.09444444444444444,0.07777777777777778,-1.69,2.1,9.41
1729465403,540374520,-0.061923742768395185,-0.010573496801322645,0.9977866780703001,-0.021803584851610065,-0.07444444444444444,0.0,0.11666666666666667,-0.040000000000000036,-1.1,8.83
1729465403,573716761,-0.062481310560844085,-0.009564535865240517,0.9977391853412517,-0.02282812999036847,0.08777777777777777,0.024444444444444446,0.1388888888888889,-1.46,-0.7899999999999999,7.920000000000001
1729465403,615843812,-0.06303198143296489,-0.00818463267929086,0.9976250460340044,-0.026537683210676732,0.11222222222222222,0.07,0.3111111111111111,-0.94,0.27,8.430000000000001
1729465403,648185915,-0.06360455991306252,-0.005963963386986674,0.9973785678112999,-0.03398357794089171,0.02666666666666667,0.05,0.3811111111111111,0.0,1.6,8.16
1729465403,673132416,-0.06635470259856349,-0.004785594709051098,0.9970096603849848,-0.039317790189097646,0.05,0.34444444444444444,0.3844444444444444,-0.99,1.73,6.449999999999999
1729465403,706267608,-0.07339056134790055,-0.0055026035992229785,0.9962591108652092,-0.045291620380955216,-0.11888888888888889,0.4855555555555556,0.4888888888888889,0.8399999999999999,-3.6899999999999995,15.85
1729465403,743596509,-0.07380388692658289,-0.007459633405286649,0.9956271978991433,-0.056778719142713666,-0.11444444444444445,-0.2822222222222222,0.5588888888888889,-4.79,-1.16,7.459999999999999
1729465403,780980196,-0.06634201729070655,-0.004457315538509597,0.9955425357225196,-0.06688743265491337,0.2788888888888889,-0.55,0.8977777777777778,0.51,0.37,9.319999999999999
1729465403,803123606,-0.05828048311898418,0.0042153385835187315,0.9953376830417718,-0.07673664655874218,0.5411111111111111,-0.5677777777777778,0.6455555555555555,-0.44000000000000006,1.6099999999999999,6.73
1729465403,847315158,-0.05135116879461199,0.012048138471072872,0.9951105856090416,-0.08350342646645852,0.31,-0.29777777777777775,0.35444444444444445,-0.6799999999999999,3.48,6.450000000000001
1729465403,872917495,-0.04955382837101754,0.01516661160964981,0.9946017885063586,-0.08989813282827695,0.19444444444444445,-0.058888888888888886,0.5688888888888889,-0.5800000000000001,-0.89,12.690000000000001
1729465403,910448772,-0.04840396418659383,0.01877148704592514,0.9939485906479647,-0.09680334020080347,0.10333333333333333,-0.16333333333333333,0.40555555555555556,0.09999999999999998,3.02,6.720000000000001
1729465403,938640496,-0.04462748258570407,0.01843674034175627,0.9937415849899118,-0.10072803316540703,-0.07222222222222222,-0.15777777777777777,0.30333333333333334,0.72,1.77,9.200000000000001
1729465403,983310788,-0.044766959753429134,0.018095438950230535,0.9929434815417648,-0.10831305030951911,-0.0022222222222222222,0.06666666666666667,0.38333333333333336,0.44000000000000006,-0.21999999999999997,10.81
1729465404,3369152,-0.04377292195568325,0.01800103980399129,0.9924424734856092,-0.11321585883259754,-0.07777777777777778,-0.04,0.3288888888888889,-1.3900000000000001,1.17,8.860000000000001
1729465404,36420308,-0.042173680621916496,0.017441212157843253,0.9919459468588383,-0.11815423518261427,-0.043333333333333335,-0.11888888888888889,0.38222222222222224,-0.89,0.09999999999999998,10.700000000000001
1729465404,76089882,-0.041509660822259736,0.01939720200352818,0.9909455189394863,-0.12620489335444698,0.17888888888888888,0.12333333333333334,0.43666666666666665,-0.38,1.73,8.3
1729465404,103975417,-0.043483458280317494,0.020501100532958786,0.9899348643070626,-0.133108445120056,-0.01,0.15888888888888889,0.47,-1.5,0.75,8.41
1729465404,140056778,-0.04271377385019345,0.021402924851494674,0.9889057832281812,-0.14065134279178887,0.07666666666666666,-0.13444444444444445,0.5666666666666667,-1.16,0.7200000000000001,10.120000000000001
1729465404,168709833,-0.03967152831525195,0.025421536835810384,0.9878385281031201,-0.1481720543864434,0.24444444444444444,-0.1411111111111111,0.4822222222222222,1.2799999999999998,2.02,7.32
1729465404,203934103,-0.03945331543247792,0.026344876561064098,0.98691994489612,-0.15407272875693237,-0.12222222222222222,0.12555555555555556,0.20444444444444446,1.3900000000000001,3.08,7.080000000000001
1729465404,252784151,-0.04216555096476949,0.021927645822712834,0.9864000672381638,-0.15734087839165284,-0.1622222222222222,0.1622222222222222,0.23333333333333334,0.020000000000000018,-1.97,11.170000000000002
1729465404,269569644,-0.04268702734530361,0.02116309019139576,0.9858733974732711,-0.1605726796951516,-0.07555555555555556,0.056666666666666664,0.3522222222222222,-0.8,0.17000000000000004,9.280000000000001
1729465404,299216404,-0.04175074258424381,0.021067748567309995,0.9848372691352149,-0.16705860883612433,0.04111111111111111,-0.017777777777777778,0.3211111111111111,-2.24,0.9100000000000001,7.880000000000001
1729465404,337961331,-0.042843856319994975,0.020112747403846516,0.9838868541686969,-0.17241386128013567,-0.09222222222222222,0.19111111111111112,0.4011111111111111,-1.15,2.46,9.83
1729465404,366285925,-0.04588695078293223,0.01765691173543036,0.9827511095740012,-0.17827753040380992,-0.15444444444444444,0.2811111111111111,0.41444444444444445,-1.92,1.12,8.930000000000001
1729465404,396749614,-0.047848176663757194,0.015316524364893936,0.9814068596025911,-0.18524721859265125,-0.15888888888888889,0.18222222222222223,0.4633333333333333,-0.65,0.31000000000000005,9.290000000000001
1729465404,443854790,-0.049629830742144235,0.014415523564862117,0.9790491150059909,-0.19695660178537558,0.03333333333333333,0.08222222222222222,0.5155555555555555,-0.9,-0.15999999999999992,9.71
1729465404,470235175,-0.05019313929963699,0.01614134449632215,0.9773721316616912,-0.20485073106088716,0.06555555555555556,0.06666666666666667,0.5166666666666667,-1.65,1.17,8.989999999999998
1729465404,497562863,-0.05104181966195394,0.016816309545944104,0.9762010177070398,-0.21010358732442305,0.11666666666666667,0.10333333333333333,0.5944444444444444,-0.77,1.07,9.87
1729465404,533431832,-0.05342640867578251,0.018519692058943552,0.9736184173765919,-0.22106518768714029,0.03666666666666667,0.16777777777777778,0.5866666666666667,-1.29,1.5799999999999998,10.78
1729465404,566358727,-0.055299845030682075,0.018202463863994132,0.9715761267716096,-0.22945680930480056,-0.06111111111111111,0.26555555555555554,0.5366666666666666,-0.6,2.87,10.36
1729465404,595663041,-0.05938110871426891,0.015772632459227977,0.9700119154369812,-0.2351637555054962,-0.14555555555555555,0.3333333333333333,0.3277777777777778,-1.71,1.07,6.66
1729465404,632660536,-0.06134404809033864,0.011480756687415028,0.9681041050686007,-0.2426510699319051,-0.14444444444444443,0.07888888888888888,0.41333333333333333,-0.75,1.36,11.82
1729465404,662472519,-0.06101408553867832,0.011810098873083971,0.9667861831849952,-0.24791587067607393,-0.025555555555555557,0.016666666666666666,0.2833333333333333,-1.12,0.55,7.59
1729465404,692984210,-0.06039510634767354,0.011189082261493875,0.9658646454304602,-0.2516599337894099,-0.03111111111111111,-0.052222222222222225,0.25555555555555554,-1.0,1.29,9.0
1729465404,791365679,-0.05551466167108141,0.013176979340706798,0.9640006713188717,-0.25970597846750637,0.0011111111111111111,-0.011111111111111112,0.14777777777777779,-0.62,1.4700000000000002,9.36
1729465404,804017561,-0.05552184034087403,0.013146698831362304,0.9638588803035714,-0.26023172061634936,-0.03222222222222222,0.0044444444444444444,0.12777777777777777,-2.17,0.9000000000000001,10.2
1729465404,852801207,-0.055407300624043435,0.012500143299514835,0.9632958104477273,-0.2623641725329604,-0.03888888888888889,-0.008888888888888889,0.1111111111111111,-1.29,1.09,8.34
1729465404,899120431,-0.052239434818570823,0.010978360770338555,0.9627117734934876,-0.2652104036829184,-0.09888888888888889,-0.15888888888888889,0.13333333333333333,-1.6800000000000002,1.57,10.180000000000001
1729465404,935686900,-0.04853291640252682,0.009647076759621271,0.9622769703303614,-0.2675341516653157,-0.09777777777777778,-0.15222222222222223,0.0811111111111111,-1.6400000000000001,0.52,10.020000000000001
1729465404,978555198,-0.045623106764412065,0.009307139821143501,0.962237608983661,-0.26819898048821855,-0.08444444444444445,-0.15444444444444444,0.06555555555555556,-1.44,0.96,9.06
1729465405,13936434,-0.043766186908755944,0.008651304585052547,0.9620090615311071,-0.26934780738755487,-0.10222222222222223,-0.07222222222222222,0.07444444444444444,-1.25,0.6100000000000001,8.790000000000001
1729465405,38691632,-0.044234215252482764,0.006208834234413034,0.9616941269977284,-0.270461070537931,-0.11777777777777777,0.13777777777777778,0.052222222222222225,-0.81,0.43,9.81
1729465405,99799595,-0.04784914405536432,0.0027420715999971427,0.9605037117779928,-0.27410866479775464,-0.08444444444444445,0.20777777777777778,0.21444444444444444,-0.74,1.31,8.49
1729465405,115407695,-0.049798411225136965,0.001481426270635538,0.9596660332032587,-0.27669302183390637,-0.08666666666666667,0.27666666666666667,0.27444444444444444,-1.36,1.52,9.190000000000001
1729465405,133810247,-0.05226370390326526,2.8677812440373396e-05,0.9586395650689683,-0.2797832888438373,-0.07666666666666666,0.31666666666666665,0.33666666666666667,-0.20999999999999996,-0.21000000000000008,11.41
1729465405,167294701,-0.05539478384429315,-0.0011332642466246635,0.9572609402768847,-0.28386902940476927,0.02666666666666667,0.18,0.29,-0.68,1.17,7.760000000000001
1729465405,196948853,-0.05794449129706597,-0.0005057569818572757,0.9555960644607255,-0.2889261873305574,0.06888888888888889,0.22111111111111112,0.42333333333333334,-0.8600000000000001,1.01,10.0
1729465405,241801008,-0.06792941537426792,-0.002016752237749022,0.9518760293270851,-0.2988537301587913,-0.0022222222222222222,0.5177777777777778,0.47333333333333333,-1.85,1.4500000000000002,8.48
1729465405,266026776,-0.07255679277685692,-0.002169497183348134,0.9499807111456186,-0.30375558193253444,0.12111111111111111,0.4711111111111111,0.5988888888888889,0.48,-1.02,10.56
1729465405,300163897,-0.07906290691858783,-0.002065174117948412,0.947096534616662,-0.3110513557638918,0.04666666666666667,0.5133333333333333,0.5422222222222223,3.6100000000000003,-4.8500000000000005,13.57
1729465405,339139618,-0.08695226313208834,-0.0002397376193380197,0.9419892763337838,-0.32418428360152834,0.11333333333333333,0.18222222222222223,0.6622222222222223,-1.4700000000000002,5.26,16.72
1729465405,364928139,-0.08398402669629017,0.005128743923235507,0.9388872723915405,-0.3337829668913922,0.3377777777777778,-0.5188888888888888,0.6944444444444444,-2.2199999999999998,-3.2,11.18
1729465405,396878994,-0.0723402241697212,0.015003424629683512,0.9361017492132796,-0.34388268978867464,0.3411111111111111,-1.0822222222222222,0.8966666666666666,-3.59,2.2,2.91
1729465405,436287980,-0.049369874755554995,0.027488032273944644,0.9302980857706922,-0.3624258478085047,-0.021111111111111112,-1.3866666666666667,1.0766666666666667,-1.71,4.5,7.1
1729465405,464943947,-0.026656552732825953,0.033913933597437926,0.9263029731492604,-0.37430211759912785,-0.24,-1.548888888888889,0.7977777777777778,0.64,0.3400000000000001,8.37
1729465405,500351969,-0.004767127897411416,0.038729577390855204,0.9236516306243195,-0.38124134032364715,-0.1688888888888889,-1.4366666666666668,0.3933333333333333,2.06,-0.33000000000000007,11.09
1729465405,529686748,0.011247113471471185,0.04415667926214959,0.9229556777178844,-0.3821995644730908,-0.16777777777777778,-0.99,-0.0022222222222222222,1.6099999999999999,2.42,8.129999999999999
1729465405,561161807,0.02339014801443145,0.04075406865009858,0.9243185062107346,-0.378717976785737,-0.4955555555555556,-0.17444444444444446,-0.23222222222222222,-0.10999999999999999,2.37,10.850000000000001
1729465405,593992474,0.022335471988081525,0.03490969075710261,0.9258783579378597,-0.37554188379541065,-0.2477777777777778,0.3511111111111111,-0.18,-0.39,-0.77,12.290000000000001
1729465405,704489515,0.014880330096151273,0.03012067121850121,0.9264501833881271,-0.374915161925578,-0.05,0.67,-0.014444444444444444,-0.16,0.3500000000000001,8.56
1729465405,739612885,-0.028269743857115007,0.02137139920642881,0.9241330889869697,-0.38042360431184336,0.14888888888888888,0.7077777777777777,0.07333333333333333,-2.02,1.46,9.22
1729465405,815624919,-0.044340518257060764,0.01580627991236658,0.9228607804925475,-0.3822460722946847,-0.15555555555555556,0.45111111111111113,0.07888888888888888,-4.95,1.45,10.89
1729465405,832734809,-0.04675354977214032,0.012962215054163837,0.922186106068665,-0.3836911157930383,-0.18444444444444444,0.3788888888888889,0.17888888888888888,-6.1,0.7400000000000001,9.31
1729465405,845622061,-0.048742021765665285,0.009078601785218417,0.9212929426499122,-0.38569561590363755,-0.30444444444444446,0.3055555555555556,0.18555555555555556,-5.19,2.41,9.96
1729465405,888114919,-0.04795297201394764,0.0025769486068862382,0.9185210798743652,-0.3924447701745267,-0.29888888888888887,-0.025555555555555557,0.4444444444444444,-1.65,0.26,7.65
1729465405,917377407,-0.043668710556927774,0.0005985491073826072,0.9162534684992124,-0.3982113344951702,-0.20333333333333334,-0.2611111111111111,0.41333333333333333,-1.15,-1.6799999999999997,9.08
1729465405,947858569,-0.038186970319505624,0.002828907126670361,0.9146657591941507,-0.4023932175622172,0.10777777777777778,-0.4444444444444444,0.2011111111111111,-2.59,-2.3899999999999997,8.9
1729465405,980486892,-0.032861612756648305,0.00696660585333382,0.914790979809045,-0.4025283146188898,0.058888888888888886,-0.29777777777777775,0.024444444444444446,-3.64,0.51,9.47
1729465406,36142853,-0.03799723596908639,0.006544656641919991,0.9153440347492128,-0.4008224988410465,0.0,0.37333333333333335,-0.07444444444444444,-3.14,1.6099999999999999,11.9
1729465406,45617388,-0.03998981820126149,0.005689260254744702,0.9155146642373593,-0.4002516037748496,0.024444444444444446,0.4211111111111111,-0.04666666666666667,-3.0500000000000003,0.88,10.58
1729465406,92016136,-0.04847336424882714,0.001912624785012341,0.9148258988699676,-0.40092424419282546,-0.027777777777777776,0.5066666666666667,0.05444444444444444,-1.52,0.20999999999999996,8.38
1729465406,121374243,-0.05317894099719078,0.00034809519596452524,0.9140038658676303,-0.4022049381138665,0.014444444444444444,0.2411111111111111,0.07777777777777778,-1.63,0.58,9.190000000000001
1729465406,152882872,-0.05317894099719078,0.00034809519596452524,0.9140038658676303,-0.4022049381138665,0.011111111111111112,-0.09222222222222222,0.011111111111111112,-1.97,1.1199999999999999,9.940000000000001
1729465406,178771717,-0.05040981872201215,0.002169214138410368,0.9141143740331448,-0.40230468040084677,0.025555555555555557,-0.2688888888888889,-0.056666666666666664,-2.2,1.62,8.850000000000001
1729465406,219659357,-0.04775521777202765,0.0016592982921567415,0.9150624633003016,-0.40047143988492867,-0.10666666666666667,-0.03888888888888889,-0.1111111111111111,-2.55,0.53,10.13
1729465406,253159107,-0.046881588532862825,-0.00031149078641701846,0.9152822491135802,-0.4000755229799886,-0.14333333333333334,0.03,-0.0077777777777777776,-1.79,0.4,9.48
1729465406,289903824,-0.045945657802469425,-0.0011159816667078504,0.9150805477093603,-0.4006436600246596,-0.05555555555555555,-0.08,0.06444444444444444,-1.4700000000000002,-0.21000000000000008,8.41
1729465406,317967190,-0.04522834349141504,-0.0013958311276101184,0.9150972044656572,-0.40068635487077053,-0.05,-0.02,-0.024444444444444446,-1.56,0.9,10.15
1729465406,346360010,-0.04522983919780718,-0.0013464938376148248,0.9155337409465701,-0.3996879004784414,0.016666666666666666,0.011111111111111112,-0.034444444444444444,-1.8900000000000001,0.39,9.31
1729465406,396406620,-0.04501183654855898,-0.0018458398061006315,0.9155328703725968,-0.39971251007849345,-0.014444444444444444,-0.044444444444444446,0.0011111111111111111,-1.5,0.82,9.280000000000001
1729465406,412186600,-0.04451278445546207,-0.0016271436539227245,0.9155501381341575,-0.3997297949691466,-0.0077777777777777776,0.0,0.0,-1.3900000000000001,0.64,9.43
1729465406,453305033,-0.047073083317257985,-0.003912228081765954,0.9156565486774272,-0.3991765325799917,-0.01,0.03777777777777778,-0.013333333333333334,-1.46,0.49999999999999994,9.440000000000001
1729465406,474666715,-0.048851744164310665,-0.005285185994655612,0.915575568577082,-0.39913275000413,-0.012222222222222223,0.0011111111111111111,-0.011111111111111112,-1.4500000000000002,0.8099999999999999,9.48
1729465406,516756548,-0.04913311357025677,-0.006002925622489091,0.9155520722145077,-0.3991419610847546,-0.021111111111111112,-0.02666666666666667,0.0022222222222222222,-1.4,0.6699999999999999,9.450000000000001
1729465406,552456550,-0.048634043763942196,-0.005784554190736733,0.9155725497736702,-0.3991593351293711,-0.024444444444444446,-0.024444444444444446,0.0,-1.49,0.5599999999999999,9.46
1729465406,573414663,-0.048915408104172796,-0.0065022808965372065,0.91554866194837,-0.3991686996718226,-0.013333333333333334,-0.0022222222222222222,-0.013333333333333334,-1.4100000000000001,0.68,9.280000000000001
1729465406,610052463,-0.05019903455727943,-0.007629290182404381,0.9156987611323316,-0.39864474124405913,-0.0077777777777777776,0.01888888888888889,-0.0077777777777777776,-1.35,0.73,9.56
1729465406,642271393,-0.051197316749111335,-0.008065423912665617,0.9156548596023834,-0.3986100372310509,-0.0044444444444444444,-0.0044444444444444444,0.0022222222222222222,-1.1099999999999999,0.64,9.290000000000001
1729465406,672779245,-0.05097990109544231,-0.008564834941760455,0.9156503244027012,-0.39863790174536534,-0.011111111111111112,-0.034444444444444444,-0.015555555555555555,-1.29,0.77,9.620000000000001
1729465406,704818071,-0.050767406503647465,-0.009036555443585755,0.915862818994496,-0.3981661812435399,-0.024444444444444446,-0.025555555555555557,-0.016666666666666666,-1.33,0.71,9.33
1729465406,741962484,-0.05154874817529751,-0.009971585144595984,0.9158120311804389,-0.39816029133556585,-0.011111111111111112,-0.0022222222222222222,-0.008888888888888889,-1.29,0.51,9.47
1729465406,772434430,-0.051830821591574046,-0.010688817168654776,0.9157830674370304,-0.398171682212963,-0.01,0.02,0.0,-1.16,0.74,9.39
1729465406,808940673,-0.05233004999694365,-0.010906549543658372,0.9157594061410425,-0.39815489838575924,0.0,0.01,0.0,-1.23,0.51,9.57
1729465406,848741324,-0.05261210439735125,-0.011623733215800998,0.915729268868775,-0.3981667507892502,0.0022222222222222222,-0.01,-0.008888888888888889,-1.23,0.67,9.540000000000001
1729465406,882988690,-0.05311131072924985,-0.011841445802342197,0.9157049439960527,-0.3981500023547874,-0.0033333333333333335,-0.01,-0.01888888888888889,-1.29,0.72,9.360000000000001
1729465406,903458239,-0.05361707053607772,-0.012029913081577229,0.9158973584530465,-0.3976336501317646,-0.015555555555555555,-0.008888888888888889,-0.015555555555555555,-1.23,0.75,9.46
1729465406,938975481,-0.05290086874108014,-0.012312032471281003,0.9159153859842225,-0.3976794156858485,-0.022222222222222223,-0.015555555555555555,-0.016666666666666666,-1.1,0.64,9.51
1729465406,972392060,-0.05318328769658929,-0.013028994758380014,0.9158836909376674,-0.3976919006967116,-0.021111111111111112,-0.006666666666666667,-0.0011111111111111111,-1.25,0.62,9.48
1729465407,29687385,-0.05346569286504016,-0.013745922044992545,0.9158512138255921,-0.39770469377137585,-0.015555555555555555,-0.011111111111111112,-0.0077777777777777776,-1.4100000000000001,0.42999999999999994,9.680000000000001
1729465407,47515449,-0.05325653242351771,-0.014216394507289834,0.9160603742671144,-0.39723422130907865,-0.011111111111111112,-0.011111111111111112,-0.0044444444444444444,-1.4500000000000002,0.37999999999999995,9.520000000000001
1729465407,85419990,-0.05375596415664143,-0.014433496296093064,0.9160347398647749,-0.3972182345551807,0.0,-0.015555555555555555,0.006666666666666667,-1.35,0.69,9.51
1729465407,121378210,-0.05453814006062863,-0.015367275729375554,0.9159744082602181,-0.39721571158216773,0.005555555555555556,-0.0044444444444444444,0.0,-1.2200000000000002,0.6799999999999999,9.39
1729465407,134798028,-0.05453814006062863,-0.015367275729375554,0.9159744082602181,-0.39721571158216773,0.0,-0.0077777777777777776,-0.017777777777777778,-1.1700000000000002,0.6699999999999999,9.38
1729465407,168682979,-0.05454651349697061,-0.015337527504138464,0.9161909195711285,-0.39671606598522646,-0.014444444444444444,-0.014444444444444444,-0.025555555555555557,-1.23,0.69,9.48
1729465407,228363938,-0.05454651349697061,-0.015337527504138464,0.9161909195711285,-0.39671606598522646,-0.013333333333333334,0.0,-0.0022222222222222222,-1.1300000000000001,0.5700000000000001,9.38
1729465407,243452049,-0.05433013034616233,-0.01583722982693118,0.9161824179746844,-0.3967457574846122,-0.011111111111111112,-0.0022222222222222222,0.0,-1.08,0.65,9.440000000000001
1729465407,281950054,-0.05433013034616233,-0.01583722982693118,0.9161824179746844,-0.3967457574846122,-0.013333333333333334,0.006666666666666667,0.0,-1.1400000000000001,0.5700000000000001,9.55
1729465407,301118589,-0.05411373103333872,-0.016336927438497375,0.9161736438341803,-0.39677533096088674,-0.0077777777777777776,0.0011111111111111111,0.0022222222222222222,-1.1,0.39000000000000007,9.67
1729465407,337364853,-0.05411373103333872,-0.016336927438497375,0.9161736438341803,-0.39677533096088674,0.0,-0.02666666666666667,-0.024444444444444446,-1.1600000000000001,0.6100000000000001,9.31
1729465407,376072307,-0.054122633395746945,-0.016307410548239466,0.9163899149250998,-0.3962755767633039,-0.0077777777777777776,-0.011111111111111112,-0.01,-1.1900000000000002,0.75,9.48
1729465407,397754834,-0.054122633395746945,-0.016307410548239466,0.9163899149250998,-0.3962755767633039,-0.0044444444444444444,-0.006666666666666667,0.0033333333333333335,-1.1300000000000001,0.39,9.680000000000001
1729465407,434583682,-0.053406820298869825,-0.01659073068293461,0.9164075537581553,-0.39632014157239637,-0.008888888888888889,-0.03222222222222222,0.0011111111111111111,-1.1800000000000002,0.68,9.290000000000001
1729465407,466729425,-0.05290713415281312,-0.016374235168596575,0.9164339505953341,-0.39633512811080496,-0.006666666666666667,0.0,-0.0033333333333333335,-1.1300000000000001,0.53,9.5
1729465407,498063327,-0.05341586119461223,-0.01656159931490197,0.9166235765469971,-0.3958202598644516,-0.0033333333333333335,-0.0022222222222222222,-0.02,-1.22,0.61,9.41
1729465407,546378313,-0.05319996679839764,-0.01706153743338958,0.9166144072586275,-0.39584933482194135,-0.01888888888888889,0.0,-0.012222222222222223,-0.9800000000000001,0.5800000000000001,9.49
1729465407,565459709,-0.05319996679839764,-0.01706153743338958,0.9166144072586275,-0.39584933482194135,-0.023333333333333334,-0.0011111111111111111,-0.011111111111111112,-0.91,0.53,9.34
1729465407,598554611,-0.052984056576366435,-0.017561470476446153,0.9166049652976909,-0.3958782920229858,-0.023333333333333334,0.0,-0.0022222222222222222,-0.9700000000000001,0.5700000000000001,9.49
1729465407,630415510,-0.052984056576366435,-0.017561470476446153,0.9166049652976909,-0.3958782920229858,-0.011111111111111112,0.0077777777777777776,-0.005555555555555556,-1.36,0.36,9.46
1729465407,667409645,-0.052984056576366435,-0.017561470476446153,0.9166049652976909,-0.3958782920229858,0.0011111111111111111,-0.011111111111111112,0.0033333333333333335,-1.37,0.43000000000000005,9.58
1729465407,693397534,-0.052984056576366435,-0.017561470476446153,0.9166049652976909,-0.3958782920229858,0.0022222222222222222,-0.015555555555555555,-0.0011111111111111111,-1.29,0.62,9.39
1729465407,730450423,-0.052984056576366435,-0.017561470476446153,0.9166049652976909,-0.3958782920229858,-0.0011111111111111111,-0.008888888888888889,-0.0022222222222222222,-1.1600000000000001,0.64,9.450000000000001
1729465407,769023120,-0.052768130592747146,-0.018061398295352634,0.9165952506669957,-0.39590713145897083,-0.0011111111111111111,-0.011111111111111112,-0.0011111111111111111,-1.04,0.44,9.4
1729465407,792707297,-0.052777973708199054,-0.018032615059753086,0.9168110481658582,-0.3954071474396788,-0.008888888888888889,0.0033333333333333335,-0.01888888888888889,-1.1400000000000001,0.62,9.48
1729465407,828769362,-0.052777973708199054,-0.018032615059753086,0.9168110481658582,-0.3954071474396788,-0.0077777777777777776,-0.0044444444444444444,-0.0011111111111111111,-1.1800000000000002,0.43,9.42
1729465407,861140298,-0.052777973708199054,-0.018032615059753086,0.9168110481658582,-0.3954071474396788,-0.005555555555555556,-0.014444444444444444,0.0022222222222222222,-1.1500000000000001,0.68,9.39
1729465407,908813946,-0.05226830261200238,-0.01784521884423683,0.9166220094325992,-0.39592128577560143,0.0011111111111111111,-0.057777777777777775,0.01,0.55,0.48,9.75
1729465407,927496061,-0.05126860015320405,-0.017412844080638503,0.9166747089314414,-0.39594924107113966,-0.01,-0.09666666666666666,-0.017777777777777778,0.76,0.9,9.38
1729465407,957925061,-0.049562354678449334,-0.017237221716546024,0.9169582907555638,-0.3955173121379859,-0.02666666666666667,-0.08888888888888889,-0.024444444444444446,1.81,0.9099999999999999,9.280000000000001
1729465407,992582076,-0.04784642889733898,-0.01708959641693469,0.917024030978233,-0.395582597625971,-0.04111111111111111,-0.11222222222222222,0.04555555555555556,2.82,0.25999999999999995,9.690000000000001
1729465408,26235369,-0.04561190433667436,-0.016775838459432528,0.9166794559490717,-0.3966571573382724,-0.04111111111111111,-0.14666666666666667,0.06,3.35,0.97,8.94
1729465408,71496821,-0.04287809839517583,-0.016240214385362536,0.9163525169332613,-0.39773834216078313,-0.016666666666666666,-0.12333333333333334,0.08666666666666667,3.5200000000000005,0.59,9.01
1729465408,93612134,-0.04207041140004603,-0.015375178456085006,0.9157533129972311,-0.3992362134209144,0.011111111111111112,-0.06111111111111111,0.11333333333333333,2.65,0.53,9.28
1729465408,125884410,-0.04203676787064477,-0.015466925192652603,0.9148801360555234,-0.4012331255306587,0.0,0.07222222222222222,0.17888888888888888,2.96,0.52,8.86
1729465408,157393103,-0.043987679787589384,-0.016462748611467296,0.9136935549638943,-0.4036807520213233,-0.028888888888888888,0.1811111111111111,0.19111111111111112,2.76,0.51,8.71
1729465408,191730872,-0.04522376487109454,-0.017720637140851755,0.9127316408821758,-0.4056621030398786,-0.044444444444444446,0.07888888888888888,0.11666666666666667,1.98,0.49,10.870000000000001
1729465408,231335195,-0.04449489725958068,-0.0180213736343135,0.9125241152883024,-0.4061959788421014,-0.03666666666666667,-0.014444444444444444,-0.005555555555555556,0.5499999999999999,0.51,8.290000000000001
1729465408,255452318,-0.04576631330663521,-0.019183883227545197,0.9124419370988034,-0.40618608372766063,-0.017777777777777778,0.17,0.05,-0.33999999999999997,0.44999999999999996,10.9
1729465408,297742480,-0.04702652684590063,-0.020371907668435517,0.912134648766147,-0.4066741615483064,-0.005555555555555556,0.0033333333333333335,0.0,0.3999999999999999,0.25000000000000006,9.68
1729465408,337507066,-0.04724832618715776,-0.019874412386676577,0.9121456242476187,-0.4066484520697431,0.05555555555555555,0.027777777777777776,-0.0044444444444444444,-2.1,-0.59,9.25
1729465408,396115117,-0.050179002841210255,-0.01998871000114507,0.9120381493966851,-0.40653281932879853,0.04666666666666667,0.19111111111111112,0.022222222222222223,-3.33,0.21999999999999997,10.22
1729465408,408850202,-0.05261180049588673,-0.019881274029794303,0.9119526059978865,-0.4064224130202428,0.07555555555555556,0.06111111111111111,0.0,-0.6700000000000002,1.5,8.620000000000001
1729465408,424241782,-0.05232569122691773,-0.019190550401402,0.911768504319189,-0.40690531987732165,0.0044444444444444444,-0.01888888888888889,0.02,-1.87,1.85,6.58
1729465408,475004261,-0.05159591287164521,-0.01949385208515422,0.9115626400482297,-0.40744497146746717,-0.024444444444444446,-0.10555555555555556,0.017777777777777778,-3.41,1.1600000000000001,9.93
1729465408,490683564,-0.050601682255928315,-0.0190490282129101,0.9116154699819671,-0.40747250111703365,-0.03,-0.04555555555555556,0.043333333333333335,-3.34,0.52,11.030000000000001
1729465408,523269197,-0.051088286622675706,-0.019299310222461296,0.9113668207269895,-0.40795593104265043,-0.008888888888888889,0.044444444444444446,0.023333333333333334,-2.94,0.0,10.020000000000001
1729465408,560714359,-0.051300521797410646,-0.018830216779016213,0.9111545855522546,-0.4084250244860954,0.09,0.005555555555555556,0.015555555555555555,-3.56,-0.29000000000000004,7.8500000000000005
1729465408,588689626,-0.052020124843213396,-0.01855623627881075,0.9111384280766617,-0.4083825872738104,0.017777777777777778,0.05555555555555555,-0.0033333333333333335,-2.1900000000000004,1.3,9.16
1729465408,622354056,-0.053236491405892636,-0.01850525707360346,0.9110952590388285,-0.40832445481553054,0.016666666666666666,0.022222222222222223,-0.0044444444444444444,-0.9500000000000001,-0.35,11.13
1729465408,659171031,-0.05169460348511838,-0.01661931486126697,0.9112191545893058,-0.4083272200743039,-0.01,-0.16,0.0044444444444444444,-1.44,2.25,9.430000000000001
1729465408,689411096,-0.050426714478181346,-0.015453165841955123,0.9113030609811986,-0.4083443120440088,0.10666666666666667,-0.11222222222222222,0.023333333333333334,0.06000000000000005,-0.4999999999999999,8.17
1729465408,721113524,-0.04965563912278286,-0.014509972886612628,0.9113597400450014,-0.4083469142962205,-0.03666666666666667,-0.04555555555555556,-0.008888888888888889,-0.76,0.8200000000000001,9.870000000000001
1729465408,763229247,-0.0501605673135212,-0.014705694904184668,0.9115582574244728,-0.40783477456615813,0.011111111111111112,0.014444444444444444,0.0077777777777777776,-1.0,0.07000000000000006,10.27
1729465408,788539187,-0.0501605673135212,-0.014705694904184668,0.9115582574244728,-0.40783477456615813,-0.0011111111111111111,-0.012222222222222223,-0.01888888888888889,-0.26,0.55,10.57
1729465408,831063279,-0.049166509311071,-0.01426007634730994,0.9116061177424445,-0.40786467201668947,-0.02666666666666667,-0.044444444444444446,-0.021111111111111112,-0.6699999999999999,1.52,9.48
1729465408,848875758,-0.048952087905841955,-0.014730581179160077,0.9118205391476735,-0.40739416718483945,-0.06222222222222222,-0.0044444444444444444,-0.025555555555555557,0.30000000000000004,1.09,10.950000000000001
1729465408,895112226,-0.04752158159171255,-0.015254281304244457,0.9120735554705964,-0.40697768439576376,-0.03666666666666667,-0.08333333333333333,-0.03222222222222222,1.02,0.53,8.97
1729465408,926815103,-0.04752989444279468,-0.01522836003460683,0.9122953916916733,-0.4064801649318815,0.027777777777777776,-0.013333333333333334,-0.044444444444444446,-1.03,-0.19999999999999996,9.49
1729465408,948496510,-0.04924387985214448,-0.015396706561702922,0.9122321927715806,-0.4064116240898059,0.035555555555555556,0.1622222222222222,-0.027777777777777776,-2.3600000000000003,0.27,9.75
1729465408,984396200,-0.052901140979119694,-0.015207175092164583,0.912329711234102,-0.4057397061027226,0.0811111111111111,0.16111111111111112,0.0,-1.4,0.22999999999999993,7.710000000000001
1729465409,16136454,-0.05461457371791481,-0.015374730253671663,0.9122606003741093,-0.40566175936647886,0.035555555555555556,0.08333333333333333,-0.006666666666666667,-2.71,0.82,11.540000000000001
1729465409,118499208,-0.05515229258977226,-0.01824057418443402,0.910588028685259,-0.40921259522479053,-0.07333333333333333,-0.052222222222222225,0.17777777777777778,-1.94,-1.13,6.720000000000001
1729465409,137024132,-0.053633918050247656,-0.017657724806997063,0.9099981433200386,-0.410749299139149,0.011111111111111112,-0.18555555555555556,0.17,-1.6800000000000002,-0.7999999999999999,11.020000000000001
1729465409,193476990,-0.04957503040071185,-0.013400904631985617,0.9105056108179214,-0.41029533848789534,0.11222222222222222,-0.07333333333333333,-0.08777777777777777,-2.81,0.08999999999999997,9.98
1729465409,237506232,-0.05008627359242625,-0.013570468904616419,0.9109291055753581,-0.4092864182782169,0.013333333333333334,0.05,-0.05555555555555555,-3.2,1.14,8.860000000000001
1729465409,272887020,-0.05278475177116475,-0.014220679230431816,0.91059197808139,-0.4096752271208292,-0.025555555555555557,0.19777777777777777,0.05555555555555555,-2.24,0.3,9.24
1729465409,319833502,-0.0550347002174705,-0.015866780911077315,0.9102321126071494,-0.41011818810462264,-0.006666666666666667,0.16444444444444445,0.017777777777777778,-1.86,0.14,9.280000000000001
1729465409,342095957,-0.05576310305574268,-0.015564070231817155,0.9104377888327461,-0.4095744971561997,0.02,-0.058888888888888886,-0.05,-1.96,0.89,9.47
1729465409,359171126,-0.054778620583254084,-0.015086416183435435,0.9107135400495658,-0.40911190491615396,0.01888888888888889,-0.10666666666666667,-0.043333333333333335,-2.1100000000000003,1.12,9.360000000000001
1729465409,407058447,-0.05328905414471632,-0.014415526170324499,0.9107902557679229,-0.40916204529720973,-0.022222222222222223,-0.06555555555555556,0.01888888888888889,-1.73,0.47,9.59
1729465409,461193097,-0.051576147314948015,-0.014241395029178166,0.9108569010309301,-0.4092392815213372,-0.02,-0.005555555555555556,-0.01,-1.57,0.61,9.73
1729465409,492379313,-0.05207274140056496,-0.014465028686400525,0.910832290920155,-0.40922332578345744,-0.008888888888888889,0.025555555555555557,-0.011111111111111112,-1.4,0.48,9.55
1729465409,506038596,-0.05256931999568999,-0.014688658040595926,0.9108074098568648,-0.409207248310665,-0.0033333333333333335,-0.005555555555555556,0.0022222222222222222,-1.36,0.49999999999999994,9.64
1729465409,528396575,-0.05234612425621005,-0.015185424210989307,0.9107992629645332,-0.40923585956041164,0.012222222222222223,-0.051111111111111114,-0.0033333333333333335,-1.49,0.45999999999999996,9.49
1729465409,568126695,-0.05284269597455786,-0.015409035444079374,0.9107739889913682,-0.4092199311929648,-0.0011111111111111111,-0.04,0.0,-1.4100000000000001,0.7,9.46
1729465409,599296270,-0.05284269597455786,-0.015409035444079374,0.9107739889913682,-0.4092199311929648,0.0022222222222222222,0.005555555555555556,-0.0022222222222222222,-1.4100000000000001,0.21999999999999997,9.47
1729465409,629393864,-0.05284269597455786,-0.015409035444079374,0.9107739889913682,-0.4092199311929648,0.01,-0.008888888888888889,0.0,-1.1800000000000002,0.61,9.48
1729465409,663583276,-0.05285109243946846,-0.015380211933884665,0.9109970483615947,-0.40872312019909757,0.01,0.0044444444444444444,0.0011111111111111111,-1.07,0.71,9.42
1729465409,704485188,-0.052354398833978064,-0.015156871571898921,0.9110223310185768,-0.40873903477936196,-0.0022222222222222222,-0.006666666666666667,0.0044444444444444444,-0.99,0.5399999999999999,9.41
1729465409,724949137,-0.052354398833978064,-0.015156871571898921,0.9110223310185768,-0.40873903477936196,-0.01888888888888889,-0.022222222222222223,-0.023333333333333334,-1.1400000000000001,0.69,9.47
1729465409,773170135,-0.052131458497318976,-0.015653754893954396,0.9110139287234242,-0.40876752887744644,-0.012222222222222223,0.0,-0.011111111111111112,-1.17,0.48999999999999994,9.39
1729465409,791446954,-0.052131458497318976,-0.015653754893954396,0.9110139287234242,-0.40876752887744644,-0.005555555555555556,0.0,0.0077777777777777776,-1.17,0.39000000000000007,9.430000000000001
1729465409,828963926,-0.052131458497318976,-0.015653754893954396,0.9110139287234242,-0.40876752887744644,0.0033333333333333335,-0.0011111111111111111,0.0044444444444444444,-1.23,0.6100000000000001,9.440000000000001
1729465409,855249459,-0.052131458497318976,-0.015653754893954396,0.9110139287234242,-0.40876752887744644,0.0022222222222222222,-0.013333333333333334,0.0011111111111111111,-1.1400000000000001,0.63,9.51
1729465409,891912381,-0.05190850265270092,-0.016150633559363085,0.9110052554217234,-0.40879590137620786,0.0,-0.015555555555555555,-0.0077777777777777776,-1.23,0.5800000000000001,9.46
1729465409,921957909,-0.05191730373556861,-0.01612231946225472,0.9112280834851746,-0.4082989643091461,0.0033333333333333335,-0.023333333333333334,0.0022222222222222222,-1.0,0.51,9.430000000000001
1729465409,953862042,-0.05141177654097617,-0.015927316104892793,0.9110305106861888,-0.4088111525306736,0.006666666666666667,-0.013333333333333334,0.0077777777777777776,-0.9400000000000001,0.51,9.41
1729465409,985952198,-0.05141177654097617,-0.015927316104892793,0.9110305106861888,-0.4088111525306736,0.005555555555555556,0.0011111111111111111,-0.012222222222222223,-1.04,0.5700000000000001,9.46
1729465410,24526879,-0.05141177654097617,-0.015927316104892793,0.9110305106861888,-0.4088111525306736,0.012222222222222223,-0.0011111111111111111,0.005555555555555556,-1.0,0.54,9.41
1729465410,58496825,-0.05141177654097617,-0.015927316104892793,0.9110305106861888,-0.4088111525306736,0.0044444444444444444,0.0022222222222222222,-0.0044444444444444444,-0.98,0.6200000000000001,9.46
1729465410,87049588,-0.05141177654097617,-0.015927316104892793,0.9110305106861888,-0.4088111525306736,0.0022222222222222222,0.0033333333333333335,-0.005555555555555556,-1.08,0.5800000000000001,9.450000000000001
1729465410,120060934,-0.05141177654097617,-0.015927316104892793,0.9110305106861888,-0.4088111525306736,0.0077777777777777776,-0.016666666666666666,0.0044444444444444444,-0.98,0.52,9.48
1729465410,152212149,-0.051420455896955625,-0.015899272963053577,0.9112533470640976,-0.40831420168673416,0.005555555555555556,-0.0044444444444444444,-0.012222222222222223,-1.06,0.67,9.370000000000001
1729465410,190359164,-0.051420455896955625,-0.015899272963053577,0.9112533470640976,-0.40831420168673416,0.0011111111111111111,0.006666666666666667,0.0022222222222222222,-1.07,0.55,9.42
1729465410,218752976,-0.051420455896955625,-0.015899272963053577,0.9112533470640976,-0.40831420168673416,0.0,0.0044444444444444444,0.008888888888888889,-1.0,0.6100000000000001,9.5
1729465410,252593701,-0.051420455896955625,-0.015899272963053577,0.9112533470640976,-0.40831420168673416,0.0033333333333333335,0.01,-0.005555555555555556,-1.1400000000000001,0.54,9.51
1729465410,318197401,-0.05119774740970619,-0.016396282174385633,0.9112445398174587,-0.40834218646118065,0.008888888888888889,-0.025555555555555557,0.006666666666666667,-1.06,0.54,9.49
1729465410,340685433,-0.05070087610409348,-0.016173244609972024,0.9112696539704616,-0.4083570313752644,0.0077777777777777776,-0.021111111111111112,-0.011111111111111112,-1.04,0.51,9.41
1729465410,362088013,-0.0507096896989967,-0.01614558916757436,0.9114922426281449,-0.4078599501664491,0.005555555555555556,-0.0077777777777777776,-0.021111111111111112,-1.1400000000000001,0.6900000000000001,9.5
1729465410,389750627,-0.0507096896989967,-0.01614558916757436,0.9114922426281449,-0.4078599501664491,0.0,-0.01888888888888889,-0.005555555555555556,-1.05,0.6000000000000001,9.440000000000001
1729465410,417064394,-0.050212681734159575,-0.01592281783462261,0.9115170937252202,-0.4078746600513414,-0.0033333333333333335,-0.017777777777777778,0.011111111111111112,-0.93,0.53,9.5
1729465410,456398754,-0.050212681734159575,-0.01592281783462261,0.9115170937252202,-0.4078746600513414,0.0,-0.0022222222222222222,0.0011111111111111111,-1.05,0.52,9.450000000000001
1729465410,496558427,-0.050212681734159575,-0.01592281783462261,0.9115170937252202,-0.4078746600513414,0.0044444444444444444,-0.0022222222222222222,0.0,-0.89,0.67,9.48
1729465410,514431805,-0.050212681734159575,-0.01592281783462261,0.9115170937252202,-0.4078746600513414,0.005555555555555556,-0.0033333333333333335,-0.0044444444444444444,-0.92,0.61,9.43
1729465410,561527189,-0.050212681734159575,-0.01592281783462261,0.9115170937252202,-0.4078746600513414,-0.0022222222222222222,0.0,-0.016666666666666666,-0.98,0.5900000000000001,9.49
1729465410,587805874,-0.04999021315931438,-0.016419970893933863,0.9115082735976173,-0.40790198615258005,-0.006666666666666667,-0.012222222222222223,0.0011111111111111111,-1.02,0.66,9.41
1729465410,619985538,-0.04999021315931438,-0.016419970893933863,0.9115082735976173,-0.40790198615258005,-0.013333333333333334,0.0,-0.0044444444444444444,-0.94,0.56,9.67
1729465410,644983882,-0.0499991614282269,-0.01639270302132724,0.9117306140311529,-0.4074047748646369,0.0,-0.0044444444444444444,-0.01,-1.26,0.42000000000000004,9.34
1729465410,701477350,-0.04999021315931438,-0.016419970893933863,0.9115082735976173,-0.40790198615258005,0.0022222222222222222,-0.0011111111111111111,0.014444444444444444,-0.85,0.52,9.39
1729465410,720284494,-0.04999021315931438,-0.016419970893933863,0.9115082735976173,-0.40790198615258005,0.006666666666666667,-0.006666666666666667,0.005555555555555556,-0.8300000000000001,0.52,9.43
1729465410,750243939,-0.04999021315931438,-0.016419970893933863,0.9115082735976173,-0.40790198615258005,0.0033333333333333335,-0.005555555555555556,-0.02,-0.89,0.6,9.41
1729465410,778999462,-0.0499991614282269,-0.01639270302132724,0.9117306140311529,-0.4074047748646369,0.0,-0.008888888888888889,-0.0044444444444444444,-0.85,0.5800000000000001,9.52
1729465410,818441730,-0.049279789230941666,-0.016667494469034427,0.9117463681837763,-0.4074460174123347,0.0033333333333333335,-0.0077777777777777776,0.0011111111111111111,-0.81,0.52,9.47
1729465410,844846148,-0.049279789230941666,-0.016667494469034427,0.9117463681837763,-0.4074460174123347,0.0,0.0,-0.0044444444444444444,-1.23,0.65,9.530000000000001
1729465410,879153196,-0.049279789230941666,-0.016667494469034427,0.9117463681837763,-0.4074460174123347,-0.0033333333333333335,0.0,0.0,-1.29,0.55,9.5
1729465410,912026905,-0.049279789230941666,-0.016667494469034427,0.9117463681837763,-0.4074460174123347,0.0,0.0011111111111111111,0.0,-1.12,0.44,9.450000000000001
1729465410,968967272,-0.04977694916774074,-0.016889972468003684,0.911721537589191,-0.4074319845785104,-0.0022222222222222222,0.0,-0.005555555555555556,-1.0,0.56,9.4
1729465410,989260333,-0.04977694916774074,-0.016889972468003684,0.911721537589191,-0.4074319845785104,-0.005555555555555556,-0.0022222222222222222,0.005555555555555556,-0.96,0.49,9.46
1729465411,18061042,-0.04977694916774074,-0.016889972468003684,0.911721537589191,-0.4074319845785104,0.0,-0.0011111111111111111,0.0022222222222222222,-0.8200000000000001,0.51,9.42
1729465411,44397969,-0.049279789230941666,-0.016667494469034427,0.9117463681837763,-0.4074460174123347,0.0011111111111111111,0.0,-0.0033333333333333335,-0.86,0.62,9.46
1729465411,77019476,-0.049279789230941666,-0.016667494469034427,0.9117463681837763,-0.4074460174123347,0.0,0.0,-0.005555555555555556,-0.94,0.55,9.46
1729465411,122302273,-0.049279789230941666,-0.016667494469034427,0.9117463681837763,-0.4074460174123347,0.0011111111111111111,0.0,0.005555555555555556,-0.95,0.56,9.450000000000001
1729465411,144694493,-0.049279789230941666,-0.016667494469034427,0.9117463681837763,-0.4074460174123347,0.0044444444444444444,0.0,0.0,-0.97,0.5700000000000001,9.51
1729465411,175733727,-0.049279789230941666,-0.016667494469034427,0.9117463681837763,-0.4074460174123347,0.0044444444444444444,-0.0011111111111111111,-0.0044444444444444444,-1.03,0.5700000000000001,9.42
1729465411,218976408,-0.049279789230941666,-0.016667494469034427,0.9117463681837763,-0.4074460174123347,0.0,0.0033333333333333335,0.0,-1.0,0.61,9.450000000000001
1729465411,243177022,-0.049279789230941666,-0.016667494469034427,0.9117463681837763,-0.4074460174123347,0.0033333333333333335,0.0,-0.008888888888888889,-1.02,0.51,9.5
1729465411,281654323,-0.049057554583135,-0.017164772467395558,0.9117371418639936,-0.4074728347634248,0.0033333333333333335,-0.008888888888888889,-0.0033333333333333335,-1.07,0.55,9.43
1729465411,314821772,-0.049057554583135,-0.017164772467395558,0.9117371418639936,-0.4074728347634248,0.0,-0.017777777777777778,0.0011111111111111111,-0.92,0.62,9.5
1729465411,345792970,-0.049057554583135,-0.017164772467395558,0.9117371418639936,-0.4074728347634248,0.0,-0.0044444444444444444,-0.011111111111111112,-1.03,0.58,9.47
1729465411,388465164,-0.048560372473019454,-0.016942302938364056,0.911761822576116,-0.4074864752223137,-0.0033333333333333335,-0.01888888888888889,-0.008888888888888889,-0.99,0.56,9.450000000000001
1729465411,408391810,-0.048560372473019454,-0.016942302938364056,0.911761822576116,-0.4074864752223137,-0.008888888888888889,-0.01,-0.006666666666666667,-0.91,0.54,9.530000000000001
1729465411,441128650,-0.048560372473019454,-0.016942302938364056,0.911761822576116,-0.4074864752223137,-0.013333333333333334,-0.006666666666666667,-0.0044444444444444444,-0.8,0.55,9.42
1729465411,489519895,-0.04833811586590693,-0.017439589324913487,0.9117524463692732,-0.4075129001864331,-0.012222222222222223,-0.005555555555555556,-0.0044444444444444444,-0.85,0.59,9.38
1729465411,509340905,-0.04784091201050267,-0.017217128102318326,0.911776977189783,-0.4075261482464328,-0.008888888888888889,-0.0022222222222222222,0.0022222222222222222,-0.76,0.53,9.39
1729465411,547544690,-0.047238273893752535,-0.014560330371343907,0.9118828780287671,-0.40746307687567085,0.07333333333333333,-0.034444444444444444,0.013333333333333334,-0.8999999999999999,7.5,9.200000000000001
1729465411,591833782,-0.044521893702895166,-0.00867474165113616,0.9112349014469308,-0.40938185624597084,0.39555555555555555,-0.20444444444444446,0.08222222222222222,-0.27,2.92,6.51
1729465411,612240737,-0.045873662280655966,-0.005592623865119336,0.912149050800047,-0.407244937097856,0.03888888888888889,0.09444444444444444,-0.18666666666666668,0.050000000000000044,2.48,8.38
1729465411,638698981,-0.047324616634682744,-0.010307662789512582,0.9128838177124953,-0.40533599409237975,-0.3477777777777778,0.2544444444444444,-0.14,0.2799999999999999,2.95,9.440000000000001
1729465411,678174946,-0.05038649918776465,-0.018164589799991616,0.9129801324545674,-0.40447314635243686,-0.2688888888888889,0.22333333333333333,-0.03111111111111111,-0.14,-0.26,11.96
1729465411,701528326,-0.05022249198983254,-0.019879188916534563,0.9129228952309106,-0.40454209485486625,-0.11444444444444445,-0.042222222222222223,-0.01,-0.63,-2.4699999999999998,7.0600000000000005
1729465411,749601255,-0.046986848704594894,-0.017758841033858355,0.9137719190198434,-0.403110083754721,0.06555555555555556,-0.15666666666666668,-0.03666666666666667,-1.24,1.35,11.32
1729465411,772493848,-0.046708378964242986,-0.017040438352772594,0.9138056409521667,-0.403097012342287,0.04111111111111111,-0.06888888888888889,0.03222222222222222,-1.06,1.37,8.61
1729465411,799978470,-0.047417396211078294,-0.016787924801805503,0.9135707769889865,-0.40355692479395,0.008888888888888889,0.10111111111111111,0.058888888888888886,-1.1099999999999999,0.45999999999999996,8.9
1729465411,838305236,-0.048404346149295265,-0.017254912203389646,0.9133016442097561,-0.40402895188645616,0.04,0.0022222222222222222,0.006666666666666667,-1.0,0.15000000000000002,9.1
1729465411,870895958,-0.048845044481179996,-0.016258644587846677,0.9133199230212581,-0.4039759105667573,0.04777777777777778,0.05,0.0044444444444444444,-0.9299999999999999,1.05,9.49
1729465411,900878123,-0.050559365843587986,-0.01642227881742269,0.9132543638597084,-0.40390658100003324,0.03,0.10666666666666667,0.0,-0.8400000000000001,0.5700000000000001,9.58
1729465411,934921992,-0.050559365843587986,-0.01642227881742269,0.9132543638597084,-0.40390658100003324,-0.006666666666666667,-0.016666666666666666,-0.014444444444444444,-1.03,1.01,9.34
1729465411,977264444,-0.048845044481179996,-0.016258644587846677,0.9133199230212581,-0.4039759105667573,-0.07,-0.13111111111111112,-0.014444444444444444,-1.06,0.86,9.56
1729465411,997178898,-0.04691919806212073,-0.0165676250974721,0.9135948218542888,-0.4035698255975876,-0.05,-0.08222222222222222,-0.015555555555555555,-0.84,-0.20999999999999996,9.06
1729465412,34086822,-0.04691919806212073,-0.0165676250974721,0.9135948218542888,-0.4035698255975876,0.013333333333333334,0.024444444444444446,-0.027777777777777776,-1.0,0.36,9.620000000000001
1729465412,71215490,-0.04812666023022389,-0.016536206186417223,0.9133353803807125,-0.4040159172667136,0.05333333333333334,0.06555555555555556,0.058888888888888886,-0.87,0.78,9.31
1729465412,96233739,-0.04883616950145897,-0.016285283007278002,0.9130994525066003,-0.4044739891982479,0.008888888888888889,0.03666666666666667,0.03333333333333333,-0.72,0.9,9.440000000000001
1729465412,137234824,-0.04883616950145897,-0.016285283007278002,0.9130994525066003,-0.4044739891982479,-0.015555555555555555,-0.023333333333333334,-0.035555555555555556,-0.71,0.65,9.58
1729465412,169993840,-0.04763749530537822,-0.01628964676672678,0.9135797974975294,-0.40353100259288416,-0.03111111111111111,-0.04666666666666667,-0.05,-0.9199999999999999,0.38,9.43
1729465412,197634629,-0.04713930426681865,-0.016069333980721565,0.9136037222044118,-0.4035441751195277,-0.005555555555555556,-0.03,0.027777777777777776,-1.02,0.21000000000000002,9.57
1729465412,246268604,-0.04713053279372139,-0.016095042091390507,0.913383487122688,-0.40404240860366925,0.008888888888888889,0.01,0.006666666666666667,-0.98,0.8,9.38
1729465412,280221526,-0.04713053279372139,-0.016095042091390507,0.913383487122688,-0.40404240860366925,0.0011111111111111111,0.014444444444444444,-0.012222222222222223,-0.94,0.59,9.52
1729465412,322783219,-0.04762860359620212,-0.016315626565673366,0.9133595696038627,-0.4040292230300822,-0.0011111111111111111,-0.0022222222222222222,0.0,-0.84,0.41000000000000003,9.56
1729465412,334776066,-0.04713053279372139,-0.016095042091390507,0.913383487122688,-0.40404240860366925,0.0,-0.006666666666666667,0.0,-0.86,0.54,9.52
1729465412,369116235,-0.04713930426681865,-0.016069333980721565,0.9136037222044118,-0.4035441751195277,0.0033333333333333335,-0.006666666666666667,-0.005555555555555556,-0.96,0.6,9.39
1729465412,396546744,-0.04713930426681865,-0.016069333980721565,0.9136037222044118,-0.4035441751195277,-0.0011111111111111111,-0.005555555555555556,0.0033333333333333335,-0.97,0.55,9.46
1729465412,450655793,-0.04691015484613092,-0.016593213084719935,0.913374572783724,-0.40406805422352615,0.005555555555555556,0.014444444444444444,0.0,-0.82,0.48,9.440000000000001
1729465412,463723308,-0.04691015484613092,-0.016593213084719935,0.913374572783724,-0.40406805422352615,0.0077777777777777776,0.008888888888888889,-0.005555555555555556,-0.7999999999999999,0.54,9.530000000000001
1729465412,496395697,-0.04691919806212073,-0.0165676250974721,0.9135948218542888,-0.4035698255975876,0.0011111111111111111,-0.0077777777777777776,-0.01,-0.94,0.71,9.43
1729465412,539316381,-0.04691919806212073,-0.0165676250974721,0.9135948218542888,-0.4035698255975876,-0.01,-0.0011111111111111111,-0.0033333333333333335,-0.94,0.38,9.530000000000001
1729465412,580255639,-0.046699077899996354,-0.017065911285719625,0.9135856497298587,-0.40359535602252644,0.0044444444444444444,0.0011111111111111111,-0.012222222222222223,-1.0,0.42,9.48
1729465412,599338698,-0.046699077899996354,-0.017065911285719625,0.9135856497298587,-0.40359535602252644,0.0,0.011111111111111112,0.0044444444444444444,-1.01,0.62,9.5
1729465412,631565885,-0.046699077899996354,-0.017065911285719625,0.9135856497298587,-0.40359535602252644,0.0044444444444444444,0.0033333333333333335,0.01,-1.0,0.5,9.450000000000001
1729465412,668444495,-0.046699077899996354,-0.017065911285719625,0.9135856497298587,-0.40359535602252644,0.0011111111111111111,-0.008888888888888889,-0.0077777777777777776,-1.02,0.53,9.46
1729465412,701713452,-0.04719728301114894,-0.01728619784284691,0.9135614847132894,-0.4035827269457326,-0.0011111111111111111,-0.006666666666666667,-0.011111111111111112,-1.0,0.47,9.530000000000001
1729465412,726527885,-0.04719728301114894,-0.01728619784284691,0.9135614847132894,-0.4035827269457326,-0.0022222222222222222,0.0,0.011111111111111112,-0.95,0.51,9.43
1729465412,764276611,-0.04719728301114894,-0.01728619784284691,0.9135614847132894,-0.4035827269457326,0.0022222222222222222,0.01,-0.0077777777777777776,-0.88,0.48,9.48
1729465412,796317645,-0.047206704148965856,-0.017260453148412534,0.9137814690510991,-0.40308439644734295,-0.006666666666666667,-0.008888888888888889,-0.014444444444444444,-0.99,0.65,9.41
1729465412,828480317,-0.047206704148965856,-0.017260453148412534,0.9137814690510991,-0.40308439644734295,-0.01,-0.005555555555555556,0.0,-0.9199999999999999,0.51,9.47
1729465412,857248288,-0.046708378964242986,-0.017040438352772594,0.9138056409521667,-0.403097012342287,-0.005555555555555556,-0.0022222222222222222,0.0022222222222222222,-0.82,0.39,9.5
1729465412,891616555,-0.04648851671308946,-0.01753883945466941,0.9137962109167657,-0.40312242785357655,0.0011111111111111111,-0.008888888888888889,-0.0011111111111111111,-0.76,0.49,9.52
1729465412,924282320,-0.04648851671308946,-0.01753883945466941,0.9137962109167657,-0.40312242785357655,0.005555555555555556,-0.0033333333333333335,0.0,-0.87,0.5499999999999999,9.5
1729465412,994504258,-0.04647894384592639,-0.017564192397234987,0.9135762058338499,-0.4036207663867495,0.0011111111111111111,-0.0033333333333333335,0.012222222222222223,-0.8999999999999999,0.58,9.39
1729465413,12519274,-0.04648851671308946,-0.01753883945466941,0.9137962109167657,-0.40312242785357655,-0.0033333333333333335,0.0011111111111111111,-0.021111111111111112,-0.9299999999999999,0.54,9.39
1729465413,30123808,-0.04648851671308946,-0.01753883945466941,0.9137962109167657,-0.40312242785357655,-0.0044444444444444444,0.006666666666666667,-0.014444444444444444,-0.8999999999999999,0.51,9.450000000000001
1729465413,90894477,-0.04648851671308946,-0.01753883945466941,0.9137962109167657,-0.40312242785357655,-0.0033333333333333335,0.0044444444444444444,0.0022222222222222222,-0.8899999999999999,0.49,9.53
1729465413,109559215,-0.04648851671308946,-0.01753883945466941,0.9137962109167657,-0.40312242785357655,0.0011111111111111111,0.01,-0.006666666666666667,-0.97,0.5499999999999999,9.43
1729465413,130363146,-0.04648851671308946,-0.01753883945466941,0.9137962109167657,-0.40312242785357655,0.0,0.006666666666666667,-0.0077777777777777776,-0.96,0.59,9.47
1729465413,163306298,-0.04648851671308946,-0.01753883945466941,0.9137962109167657,-0.40312242785357655,0.0077777777777777776,0.005555555555555556,0.013333333333333334,-0.8899999999999999,0.36,9.51
1729465413,188695954,-0.04648851671308946,-0.01753883945466941,0.9137962109167657,-0.40312242785357655,0.006666666666666667,0.0011111111111111111,0.0,-0.99,0.57,9.49
1729465413,222599530,-0.04648851671308946,-0.01753883945466941,0.9137962109167657,-0.40312242785357655,0.0077777777777777776,-0.0022222222222222222,-0.006666666666666667,-1.04,0.5499999999999999,9.44
1729465413,253098036,-0.04648851671308946,-0.01753883945466941,0.9137962109167657,-0.40312242785357655,0.0044444444444444444,-0.0077777777777777776,0.0044444444444444444,-1.0,0.42999999999999994,9.540000000000001
1729465413,293322865,-0.04626864063262767,-0.018037235339148368,0.9137865090471488,-0.403147723444836,0.0077777777777777776,0.0,0.0011111111111111111,-0.87,0.53,9.41
1729465413,321431961,-0.04626864063262767,-0.018037235339148368,0.9137865090471488,-0.403147723444836,0.006666666666666667,-0.0077777777777777776,-0.015555555555555555,-0.88,0.5599999999999999,9.52
1729465413,352048553,-0.046278471535959466,-0.01801199702882656,0.9140062560938956,-0.40264927027941955,0.0077777777777777776,-0.0011111111111111111,-0.011111111111111112,-0.9099999999999999,0.59,9.4
1729465413,389476178,-0.046278471535959466,-0.01801199702882656,0.9140062560938956,-0.40264927027941955,-0.0022222222222222222,-0.008888888888888889,-0.0022222222222222222,-0.86,0.5599999999999999,9.44
1729465413,424287983,-0.046278471535959466,-0.01801199702882656,0.9140062560938956,-0.40264927027941955,-0.0022222222222222222,-0.006666666666666667,-0.015555555555555555,-0.86,0.53,9.48
1729465413,460844436,-0.045779999208214885,-0.01779227520763958,0.9140304026635329,-0.40266120948282513,-0.0033333333333333335,-0.016666666666666666,-0.0033333333333333335,-0.8899999999999999,0.52,9.53
1729465413,497197712,-0.045779999208214885,-0.01779227520763958,0.9140304026635329,-0.40266120948282513,-0.0011111111111111111,-0.008888888888888889,0.0033333333333333335,-0.86,0.52,9.450000000000001
1729465413,518714153,-0.045779999208214885,-0.01779227520763958,0.9140304026635329,-0.40266120948282513,-0.0044444444444444444,-0.01,0.0,-0.86,0.47,9.49
1729465413,570022671,-0.045779999208214885,-0.01779227520763958,0.9140304026635329,-0.40266120948282513,0.0,0.013333333333333334,0.01,-0.9299999999999999,0.48,9.540000000000001
1729465413,595000886,-0.045779999208214885,-0.01779227520763958,0.9140304026635329,-0.40266120948282513,0.0,0.008888888888888889,0.014444444444444444,-0.95,0.51,9.57
1729465413,623339047,-0.046278471535959466,-0.01801199702882656,0.9140062560938956,-0.40264927027941955,0.0022222222222222222,0.013333333333333334,-0.0077777777777777776,-0.98,0.51,9.450000000000001
1729465413,649756074,-0.046278471535959466,-0.01801199702882656,0.9140062560938956,-0.40264927027941955,0.0022222222222222222,0.005555555555555556,-0.01,-1.0,0.48,9.44
1729465413,688159931,-0.046278471535959466,-0.01801199702882656,0.9140062560938956,-0.40264927027941955,0.0033333333333333335,0.012222222222222223,0.006666666666666667,-0.96,0.5599999999999999,9.52
1729465413,720335275,-0.046278471535959466,-0.01801199702882656,0.9140062560938956,-0.40264927027941955,0.0022222222222222222,0.0022222222222222222,0.005555555555555556,-0.86,0.52,9.48
1729465413,748483253,-0.046278471535959466,-0.01801199702882656,0.9140062560938956,-0.40264927027941955,0.0033333333333333335,0.0,-0.005555555555555556,-0.86,0.5399999999999999,9.44
1729465413,795251776,-0.046278471535959466,-0.01801199702882656,0.9140062560938956,-0.40264927027941955,0.005555555555555556,-0.0022222222222222222,0.0,-0.86,0.51,9.52
1729465413,822676716,-0.046278471535959466,-0.01801199702882656,0.9140062560938956,-0.40264927027941955,0.006666666666666667,-0.012222222222222223,0.0011111111111111111,-0.8099999999999999,0.52,9.450000000000001
1729465413,845589981,-0.045779999208214885,-0.01779227520763958,0.9140304026635329,-0.40266120948282513,0.0011111111111111111,-0.006666666666666667,-0.011111111111111112,-0.8099999999999999,0.49999999999999994,9.46
1729465413,895001557,-0.04578969657920737,-0.01776730344629334,0.9142498843218134,-0.4021626233664464,-0.0022222222222222222,0.0,-0.016666666666666666,-0.9099999999999999,0.58,9.540000000000001
1729465413,914381365,-0.04628828867246681,-0.01798675336033294,0.9142257312439428,-0.4021506973347267,-0.0022222222222222222,0.01,-0.012222222222222223,-1.02,0.47,9.540000000000001
1729465413,966585856,-0.04628828867246681,-0.01798675336033294,0.9142257312439428,-0.4021506973347267,0.0,-0.0033333333333333335,0.008888888888888889,-1.04,0.5299999999999999,9.46
1729465413,985015449,-0.04628828867246681,-0.01798675336033294,0.9142257312439428,-0.4021506973347267,-0.0033333333333333335,0.0033333333333333335,0.0,-1.06,0.5599999999999999,9.47
1729465414,24001250,-0.04628828867246681,-0.01798675336033294,0.9142257312439428,-0.4021506973347267,-0.005555555555555556,0.0,0.0,-0.84,0.49,9.43
1729465414,98484517,-0.04628828867246681,-0.01798675336033294,0.9142257312439428,-0.4021506973347267,-0.0022222222222222222,0.0044444444444444444,-0.0077777777777777776,-0.85,0.5299999999999999,9.48
1729465414,110627930,-0.04606894261854159,-0.018485383445175328,0.9142157850113135,-0.4021758838630707,-0.0033333333333333335,-0.0011111111111111111,-0.0011111111111111111,-0.8899999999999999,0.5499999999999999,9.56
1729465414,123056251,-0.04606894261854159,-0.018485383445175328,0.9142157850113135,-0.4021758838630707,-0.0033333333333333335,-0.006666666666666667,0.0022222222222222222,-0.96,0.43999999999999995,9.55
1729465414,158297578,-0.04628828867246681,-0.01798675336033294,0.9142257312439428,-0.4021506973347267,-0.0011111111111111111,0.0011111111111111111,0.012222222222222223,-0.9099999999999999,0.43999999999999995,9.51
1729465414,178541229,-0.04628828867246681,-0.01798675336033294,0.9142257312439428,-0.4021506973347267,0.0022222222222222222,0.0011111111111111111,0.0044444444444444444,-0.8899999999999999,0.47,9.47
1729465414,223993281,-0.04628828867246681,-0.01798675336033294,0.9142257312439428,-0.4021506973347267,0.011111111111111112,-0.011111111111111112,-0.0022222222222222222,-0.8899999999999999,0.47,9.48
1729465414,246557509,-0.04578969657920737,-0.01776730344629334,0.9142498843218134,-0.4021626233664464,0.016666666666666666,-0.0044444444444444444,0.0011111111111111111,-0.84,0.5,9.450000000000001
1729465414,280603586,-0.04600903544218876,-0.017268654869969577,0.9142594388975067,-0.40213758914515507,0.01,0.0022222222222222222,-0.01888888888888889,-0.84,0.59,9.44
1729465414,340299714,-0.04601844718853745,-0.01724355826662512,0.9144786349311436,-0.4016388781867781,0.0033333333333333335,-0.006666666666666667,-0.006666666666666667,-0.8999999999999999,0.51,9.49
1729465414,352372021,-0.04651715232735878,-0.017462749352641065,0.9144545948988348,-0.40162669332703477,0.0,0.01,0.0044444444444444444,-0.87,0.53,9.52
1729465414,384809072,-0.04738481109105191,-0.015493525642869325,0.9142713829209144,-0.4020229703796761,0.14555555555555555,0.017777777777777778,0.015555555555555555,-0.94,1.1800000000000002,6.0600000000000005
1729465414,409504683,-0.0502400279579703,-0.014431894075678974,0.913769081636938,-0.40285695410226874,0.042222222222222223,0.21222222222222223,0.03666666666666667,-0.52,4.16,7.49
1729465414,454159134,-0.053543339678713914,-0.016353931683509154,0.9144601446017644,-0.4007846100207208,-0.07,0.11888888888888889,-0.16,-0.78,-0.32999999999999996,11.280000000000001
1729465414,493704735,-0.05069320839306157,-0.017418004850485398,0.914964214101759,-0.39995912121490196,-0.06444444444444444,-0.22,0.015555555555555555,-1.1,0.75,7.67
1729465414,507668831,-0.049686041888289414,-0.017008342968483813,0.9147968631232265,-0.4004855961590207,-0.05333333333333334,-0.22333333333333333,0.07666666666666666,-1.26,0.66,8.01
1729465414,551477487,-0.046726939405836235,-0.016989477286994115,0.9142448078203573,-0.40209996539268184,-0.06222222222222222,-0.09111111111111111,0.027777777777777776,-0.87,0.14999999999999997,9.61
